subject,topic,resource_type,title,difficulty,language,estimated_minutes
Mathematics,Fractions,Lesson,Fractions Foundation Lesson,1,English,15
Mathematics,Fractions,Practice,Fractions Guided Practice,2,English,20
Mathematics,Fractions,Challenge,Fractions Challenge Activity,3,English,25
Science,Force and Motion,Lesson,Force and Motion Foundation Lesson,1,English,15
Science,Force and Motion,Practice,Force and Motion Guided Practice,2,English,20
Science,Force and Motion,Challenge,Force and Motion Challenge Activity,3,English,25
English,Reading Comprehension,Lesson,Reading Foundation Lesson,1,English,15
English,Reading Comprehension,Practice,Reading Guided Practice,2,English,20
English,Reading Comprehension,Challenge,Reading Challenge Activity,3,English,25
